mode,method,mean_mse,mean_psnr,mean_ssim_rgb,mean_ssim_channels_mean,count
synthetic,dft,243.68121467696292,24.926056056422762,0.6123384369007624,0.6123384369007624,96
synthetic,dct,238.98837280273438,25.03406065149329,0.6117301217330023,0.6117301217330023,96
