mode,method,mean_mse,mean_psnr,mean_ssim_rgb,mean_ssim_channels_mean,count
paired,dft,466.4525032043457,21.44272932820619,0.5458220115404115,0.5458220115404115,1
paired,dct,425.11001205444336,21.845790274162113,0.5503161422143487,0.5503161422143487,1
