mode,method,mean_mse,mean_psnr,mean_ssim_rgb,mean_ssim_channels_mean,count
synthetic,dft,216.78012784322104,24.788209442432326,0.6534920297211911,0.6534920297211911,4
synthetic,dct,194.1976188023885,25.27083484878842,0.6611620021888974,0.6611620021888974,4
