mode,method,mean_mse,mean_psnr,mean_ssim_rgb,mean_ssim_channels_mean,count
paired,dft,221.66645050048828,24.673803938024722,0.634301708110626,0.634301708110626,1
paired,dct,198.8839200337728,25.144806894725,0.6404445909292361,0.6404445909292361,1
