mode,image,noise,noise_level,method,mse,psnr,ssim_rgb,ssim_channels_mean
synthetic,astro_gauss_15,gaussian,15.0,dft,189.89990997314453,25.34555602019128,0.6959576544161387,0.6959576544161387
synthetic,astro_gauss_15,gaussian,15.0,dct,167.08876673380533,25.901331073210727,0.7050900716639017,0.7050900716639017
synthetic,astro_gauss_22.5,gaussian,22.5,dft,213.05470403035483,24.845892334467976,0.6482918469091293,0.6482918469091293
synthetic,astro_gauss_22.5,gaussian,22.5,dct,190.24396133422852,25.33769480449449,0.6551592907202048,0.6551592907202048
synthetic,astro_saltpepper_0.03,salt_pepper,0.03,dft,219.56807327270508,24.715111699419417,0.6533795572670056,0.6533795572670056
synthetic,astro_saltpepper_0.03,salt_pepper,0.03,dct,197.0620231628418,25.184774236506385,0.6616707988470729,0.6616707988470729
synthetic,astro_saltpepper_0.045,salt_pepper,0.045,dft,244.5978240966797,24.246277715650614,0.616339060292491,0.616339060292491
synthetic,astro_saltpepper_0.045,salt_pepper,0.045,dct,222.39572397867838,24.659539280942088,0.6227278475244106,0.6227278475244106
