mode,image,noise,noise_level,method,mse,psnr,ssim_rgb,ssim_channels_mean
paired,astro,dataset_paired,,dft,221.66645050048828,24.673803938024722,0.634301708110626,0.634301708110626
paired,astro,dataset_paired,,dct,198.8839200337728,25.144806894725,0.6404445909292361,0.6404445909292361
