mode,method,mean_mse,mean_psnr,mean_ssim_rgb,mean_ssim_channels_mean,count
synthetic,dft,449.3286469777425,21.605699795271093,0.5761745930404109,0.5761745930404109,4
synthetic,dct,408.4998887379964,22.019509410100877,0.5829927355099338,0.5829927355099338,4
