mode,image,noise,noise_level,method,mse,psnr,ssim_rgb,ssim_channels_mean
synthetic,astro_gauss_10,gaussian,10.0,dft,443.1837743123372,21.66496509092509,0.5802009362713583,0.5802009362713583
synthetic,astro_gauss_10,gaussian,10.0,dct,402.2401402791341,22.085949534041028,0.586861461732399,0.586861461732399
synthetic,astro_gauss_20,gaussian,20.0,dft,457.54440689086914,21.526471100463198,0.5549777053817527,0.5549777053817527
synthetic,astro_gauss_20,gaussian,20.0,dct,416.2809664408366,21.936938067159137,0.5598952958174633,0.5598952958174633
synthetic,astro_saltpepper_0.01,salt_pepper,0.01,dft,441.4949417114258,21.681546287174033,0.5953108919174755,0.5953108919174755
synthetic,astro_saltpepper_0.01,salt_pepper,0.01,dct,400.98275502522785,22.099546654507932,0.6041836758954366,0.6041836758954366
synthetic,astro_saltpepper_0.03,salt_pepper,0.03,dft,455.0914649963379,21.54981670252205,0.574208838591057,0.574208838591057
synthetic,astro_saltpepper_0.03,salt_pepper,0.03,dct,414.4956932067871,21.95560338469541,0.5810305085944365,0.5810305085944365
